id,first_name,last_name,email,country,ip_address
1,Tina,Reyes,treyes0@washington.edu,Philippines,152.221.243.84
2,Andrea,Adams,aadams1@joomla.org,Dominican Republic,246.221.144.36
3,Daniel,James,djames2@blog.com,Russia,109.17.155.134
4,Gary,Gordon,ggordon3@cafepress.com,China,97.222.143.220
5,Doris,Stephens,dstephens4@miibeian.gov.cn,China,244.67.162.43
6,Tammy,Wood,twood5@umn.edu,United Kingdom,136.87.12.241
7,Helen,Garrett,hgarrett6@is.gd,Brazil,81.164.25.240
8,Kenneth,Matthews,kmatthews7@hc360.com,Indonesia,175.43.117.252
9,Theresa,Sullivan,tsullivan8@guardian.co.uk,China,50.131.173.216
10,Ronald,Burton,rburton9@domainmarket.com,Philippines,35.162.93.21
11,Annie,Bradley,abradleya@cbc.ca,France,241.112.137.241
12,Margaret,Adams,madamsb@symantec.com,Thailand,246.137.25.146
13,Janice,Russell,jrussellc@princeton.edu,Russia,9.148.134.176
14,Emily,Moore,emoored@ox.ac.uk,Afghanistan,252.234.103.197
15,Sharon,Hayes,shayese@163.com,United States,152.244.216.18
16,Rachel,Gray,rgrayf@nydailynews.com,Russia,171.70.14.132
17,Brian,Mccoy,bmccoyg@weebly.com,Mexico,228.150.138.97
18,Harold,Harvey,hharveyh@blogger.com,Greece,230.51.13.163
19,Julia,Fowler,jfowleri@disqus.com,Thailand,197.188.176.121
20,Norma,Burton,nburtonj@mit.edu,Ukraine,3.31.63.4
21,Tammy,Chavez,tchavezk@nba.com,Iraq,252.215.61.190
22,Johnny,Freeman,jfreemanl@eventbrite.com,Brazil,92.17.171.93
23,Rebecca,Jackson,rjacksonm@plala.or.jp,Comoros,5.172.222.11
24,Debra,Castillo,dcastillon@example.com,Indonesia,195.245.114.75
25,Michelle,Perez,mperezo@ifeng.com,Brazil,13.154.148.245
26,Wanda,Watson,wwatsonp@instagram.com,Indonesia,88.246.214.156
27,William,Cunningham,wcunninghamq@histats.com,China,1.7.174.158
28,Emily,Carpenter,ecarpenterr@drupal.org,Thailand,98.178.127.70
29,Phyllis,Thomas,pthomass@nhs.uk,Indonesia,143.152.131.140
30,Anne,Arnold,aarnoldt@answers.com,Philippines,121.189.24.32
31,Carolyn,Hudson,chudsonu@weather.com,Philippines,174.50.32.26
32,Lori,Rose,lrosev@ucoz.com,Germany,251.134.116.47
33,Ronald,Pierce,rpiercew@house.gov,Russia,77.37.51.147
34,Daniel,Ross,drossx@cocolog-nifty.com,Indonesia,142.150.226.211
35,Nicholas,Sims,nsimsy@home.pl,Philippines,3.230.83.74
36,Betty,Hicks,bhicksz@wp.com,Sierra Leone,191.225.233.227
37,Samuel,Stewart,sstewart10@sina.com.cn,United States,4.73.197.172
38,Virginia,Johnston,vjohnston11@weebly.com,Angola,189.61.106.74
39,Janice,Hicks,jhicks12@indiegogo.com,Peru,172.249.52.152
40,Thomas,Andrews,tandrews13@google.ca,Colombia,16.128.102.239
41,Albert,Powell,apowell14@wunderground.com,Portugal,40.168.95.5
42,Phillip,Shaw,pshaw15@prlog.org,Albania,43.139.251.235
43,Gloria,Henderson,ghenderson16@economist.com,Brazil,108.119.116.60
44,Jerry,Parker,jparker17@sciencedaily.com,Colombia,239.90.218.52
45,Lori,Wells,lwells18@github.com,Indonesia,121.159.24.27
46,Teresa,King,tking19@nasa.gov,Indonesia,230.45.158.56
47,Kathleen,Hall,khall1a@exblog.jp,Indonesia,242.60.147.161
48,Keith,Berry,kberry1b@npr.org,Argentina,104.184.73.90
49,Matthew,Sullivan,msullivan1c@myspace.com,Ukraine,28.181.77.127
50,Mary,Holmes,mholmes1d@harvard.edu,China,89.5.251.66
51,Clarence,Ramos,cramos1e@sciencedaily.com,Colombia,62.176.30.255
52,Harry,Burke,hburke1f@wired.com,Sweden,210.192.209.179
53,Steve,Brown,sbrown1g@nationalgeographic.com,Mauritius,97.94.122.50
54,Roger,Woods,rwoods1h@patch.com,Iran,81.120.209.217
55,John,Martin,jmartin1i@histats.com,Poland,190.53.162.56
56,Linda,Rivera,lrivera1j@ameblo.jp,Canada,161.173.22.24
57,Wayne,Ward,wward1k@wordpress.com,Russia,27.153.220.22
58,Katherine,Warren,kwarren1l@acquirethisname.com,Portugal,186.180.153.2
59,Charles,Armstrong,carmstrong1m@ebay.co.uk,South Korea,133.233.153.14
60,Brandon,Cole,bcole1n@shareasale.com,Philippines,174.53.243.188
61,Julie,Dean,jdean1o@sciencedirect.com,Czech Republic,2.5.155.125
62,Aaron,Martin,amartin1p@weibo.com,China,9.237.194.133
63,Theresa,Hunt,thunt1q@a8.net,Tanzania,228.77.34.143
64,Albert,Reed,areed1r@feedburner.com,China,133.114.60.61
65,Christine,Castillo,ccastillo1s@histats.com,Nigeria,176.190.26.44
66,Richard,Graham,rgraham1t@cnet.com,Poland,193.11.255.207
67,Jane,Ford,jford1u@va.gov,China,251.30.89.234
68,Annie,Diaz,adiaz1v@craigslist.org,Cuba,235.18.23.207
69,Wanda,Gordon,wgordon1w@tmall.com,Yemen,6.108.255.166
70,Victor,Bennett,vbennett1x@cbc.ca,China,239.167.199.12
71,Rachel,Perry,rperry1y@angelfire.com,Greece,101.132.219.132
72,Betty,Daniels,bdaniels1z@nba.com,China,51.159.36.242
73,Judith,Day,jday20@washingtonpost.com,China,98.45.61.188
74,Patrick,Henderson,phenderson21@hatena.ne.jp,Kosovo,56.30.135.188
75,Aaron,Stone,astone22@linkedin.com,Indonesia,166.75.38.253
76,Janet,Coleman,jcoleman23@illinois.edu,Germany,197.42.133.227
77,Deborah,Nichols,dnichols24@shop-pro.jp,Philippines,112.149.229.162
78,Alice,Morris,amorris25@hc360.com,Slovenia,70.80.61.168
79,Lori,Bailey,lbailey26@bbb.org,Honduras,96.122.181.167
80,Dennis,Weaver,dweaver27@hp.com,Indonesia,235.69.173.111
81,Charles,Andrews,candrews28@house.gov,Sweden,195.98.89.236
82,Rachel,Ruiz,rruiz29@bbb.org,Ecuador,116.172.221.35
83,Christopher,Bailey,cbailey2a@elpais.com,Vietnam,178.186.11.18
84,Laura,Carter,lcarter2b@360.cn,Philippines,158.153.3.219
85,Larry,Lane,llane2c@geocities.com,Argentina,219.137.190.102
86,Christopher,Ray,cray2d@google.co.jp,Ukraine,203.244.191.164
87,Tammy,Ward,tward2e@statcounter.com,Brazil,93.251.237.182
88,Bruce,Olson,bolson2f@hp.com,China,220.5.71.118
89,Julie,Hayes,jhayes2g@youku.com,Kyrgyzstan,160.227.166.192
90,Teresa,Bishop,tbishop2h@youtube.com,China,31.78.74.149
91,Christopher,Morgan,cmorgan2i@themeforest.net,Indonesia,142.160.108.26
92,Phillip,Simpson,psimpson2j@admin.ch,Indonesia,197.222.160.11
93,Jack,Jordan,jjordan2k@moonfruit.com,Poland,250.117.177.105
94,Lisa,Jackson,ljackson2l@yellowpages.com,Norway,229.89.163.103
95,Amy,Perry,aperry2m@photobucket.com,Indonesia,66.109.247.217
96,Kenneth,Robinson,krobinson2n@angelfire.com,Russia,114.96.172.170
97,Henry,Patterson,hpatterson2o@feedburner.com,Indonesia,81.35.103.196
98,Jeremy,Greene,jgreene2p@diigo.com,Indonesia,155.189.208.168
99,Jose,Stephens,jstephens2q@goodreads.com,China,26.122.102.115
100,Steve,Garcia,sgarcia2r@flickr.com,Thailand,25.164.78.71
101,John,Wright,jwright2s@nydailynews.com,Argentina,115.32.95.48
102,Stephen,Carroll,scarroll2t@goo.ne.jp,Ukraine,62.125.249.107
103,Ruby,Long,rlong2u@narod.ru,Portugal,250.60.11.0
104,Nicholas,Morris,nmorris2v@amazon.de,Philippines,223.57.89.218
105,Johnny,Stewart,jstewart2w@sciencedaily.com,Latvia,150.34.27.139
106,Bruce,Spencer,bspencer2x@goodreads.com,Bhutan,196.40.108.43
107,Jack,Walker,jwalker2y@hud.gov,Afghanistan,170.138.60.205
108,Timothy,Sanchez,tsanchez2z@yandex.ru,China,64.39.107.120
109,Maria,Morrison,mmorrison30@nytimes.com,Indonesia,228.84.48.53
110,Ralph,Ruiz,rruiz31@privacy.gov.au,United States,11.117.35.45
111,Ryan,Hernandez,rhernandez32@va.gov,China,164.196.146.109
112,Larry,Rodriguez,lrodriguez33@cloudflare.com,Kazakhstan,61.178.213.134
113,Carl,Cunningham,ccunningham34@a8.net,Egypt,251.144.85.109
114,Billy,Woods,bwoods35@cloudflare.com,France,33.67.124.46
115,Howard,Lawrence,hlawrence36@ameblo.jp,Netherlands,42.40.72.240
116,Linda,Richards,lrichards37@cmu.edu,China,185.222.149.171
117,Scott,Patterson,spatterson38@disqus.com,Russia,94.133.254.151
118,Evelyn,Murray,emurray39@zdnet.com,Finland,244.138.253.182
119,Ronald,Thomas,rthomas3a@drupal.org,China,227.146.84.6
120,Betty,Greene,bgreene3b@nyu.edu,Russia,2.85.81.98
121,Joseph,Collins,jcollins3c@nytimes.com,Sweden,38.202.68.235
122,Deborah,Harris,dharris3d@statcounter.com,United States,82.231.154.231
123,Shirley,Gordon,sgordon3e@seesaa.net,Peru,78.5.61.209
124,Keith,Burke,kburke3f@seesaa.net,South Korea,113.54.210.21
125,Sandra,Oliver,soliver3g@bravesites.com,China,139.84.42.154
126,Catherine,Green,cgreen3h@geocities.com,Bosnia and Herzegovina,148.121.174.108
127,Bobby,Welch,bwelch3i@joomla.org,Portugal,158.229.104.223
128,Anthony,Carpenter,acarpenter3j@blinklist.com,Brazil,165.116.95.216
129,Clarence,Collins,ccollins3k@ask.com,Comoros,103.75.18.217
130,Amanda,Collins,acollins3l@wufoo.com,China,84.200.209.53
131,Todd,Carr,tcarr3m@bluehost.com,Russia,205.42.186.40
132,Carol,Wells,cwells3n@webmd.com,Peru,207.105.8.230
133,Johnny,Oliver,joliver3o@stanford.edu,Afghanistan,31.211.242.173
134,Gerald,Perkins,gperkins3p@globo.com,Venezuela,217.115.165.90
135,Joyce,Miller,jmiller3q@fotki.com,Indonesia,234.118.136.69
136,Ruby,Carr,rcarr3r@tuttocitta.it,Russia,150.2.0.137
137,Donna,Hart,dhart3s@imageshack.us,Portugal,31.46.12.186
138,Angela,Hamilton,ahamilton3t@tinyurl.com,Kenya,35.197.148.228
139,Benjamin,Nelson,bnelson3u@independent.co.uk,Syria,227.135.139.195
140,Phyllis,Parker,pparker3v@aboutads.info,Dominican Republic,153.201.50.182
141,Kevin,Sanchez,ksanchez3w@pcworld.com,United States,24.214.174.241
142,Bruce,Hamilton,bhamilton3x@people.com.cn,China,59.212.154.236
143,Scott,Cruz,scruz3y@twitter.com,Venezuela,114.215.18.181
144,Craig,Frazier,cfrazier3z@narod.ru,Indonesia,174.203.34.236
145,Amanda,Burton,aburton40@elegantthemes.com,Brazil,126.15.240.95
146,Harry,Garrett,hgarrett41@webeden.co.uk,France,36.9.254.172
147,Kevin,Baker,kbaker42@last.fm,Argentina,218.95.126.203
148,Gerald,Dunn,gdunn43@imageshack.us,Indonesia,12.24.42.135
149,Shawn,Adams,sadams44@jigsy.com,Indonesia,29.53.65.22
150,Rachel,Stephens,rstephens45@slate.com,China,93.111.186.64
151,Martha,Grant,mgrant46@adobe.com,Honduras,13.61.106.72
152,Fred,Flores,fflores47@zdnet.com,Philippines,1.59.64.102
153,Joan,Henry,jhenry48@state.gov,Finland,161.181.85.51
154,Philip,Hicks,phicks49@newsvine.com,Ghana,180.255.251.179
155,Jose,Ray,jray4a@mapquest.com,Czech Republic,50.2.224.225
156,Ruth,Ruiz,rruiz4b@mail.ru,Russia,62.228.61.75
157,Paul,Stanley,pstanley4c@npr.org,Indonesia,193.152.147.126
158,Tammy,Gordon,tgordon4d@chronoengine.com,Kenya,247.62.234.246
159,Gloria,Ellis,gellis4e@weibo.com,Mauritania,230.23.198.118
160,Judy,Moreno,jmoreno4f@usatoday.com,France,103.224.90.15
161,Mary,Alexander,malexander4g@google.nl,Nigeria,247.214.190.34
162,Dennis,Foster,dfoster4h@delicious.com,Indonesia,130.7.250.220
163,Howard,Daniels,hdaniels4i@weather.com,China,15.171.137.73
164,Barbara,Price,bprice4j@vimeo.com,Indonesia,191.72.189.183
165,Eugene,Welch,ewelch4k@google.co.uk,Philippines,84.110.94.157
166,Timothy,Porter,tporter4l@blogger.com,Czech Republic,141.42.96.142
167,Carl,Burns,cburns4m@berkeley.edu,Mongolia,154.68.209.207
168,Dennis,Payne,dpayne4n@furl.net,China,9.80.41.44
169,Samuel,Burke,sburke4o@amazon.co.jp,Poland,99.203.247.28
170,Marie,Reynolds,mreynolds4p@ehow.com,United States,172.6.200.246
171,Gerald,Robertson,grobertson4q@narod.ru,Bosnia and Herzegovina,18.155.95.188
172,Ann,Nelson,anelson4r@is.gd,China,7.248.138.39
173,Gerald,Coleman,gcoleman4s@tripod.com,Poland,124.137.246.248
174,Stephanie,Long,slong4t@freewebs.com,Indonesia,158.75.237.85
175,Jerry,Lopez,jlopez4u@shinystat.com,Brazil,75.207.56.210
176,Louise,Ramirez,lramirez4v@fda.gov,United States,66.3.228.219
177,Jean,Pierce,jpierce4w@biblegateway.com,Japan,76.218.122.9
178,Nicholas,Stone,nstone4x@engadget.com,Indonesia,187.128.245.145
179,Wanda,Lopez,wlopez4y@reverbnation.com,Uruguay,45.214.171.59
180,Linda,Coleman,lcoleman4z@ovh.net,France,183.8.154.240
181,Stephanie,Richards,srichards50@ucla.edu,Guatemala,93.52.20.104
182,Kathy,Payne,kpayne51@e-recht24.de,Poland,25.66.32.206
183,Charles,Lawson,clawson52@amazonaws.com,Japan,167.184.199.13
184,Roy,Ruiz,rruiz53@ifeng.com,El Salvador,78.233.66.82
185,Alice,Griffin,agriffin54@trellian.com,Colombia,46.39.167.196
186,Irene,James,ijames55@canalblog.com,Indonesia,83.215.227.149
187,Terry,Arnold,tarnold56@google.pl,Russia,144.17.104.76
188,George,Bowman,gbowman57@fastcompany.com,Czech Republic,89.48.249.90
189,Phyllis,Watkins,pwatkins58@msu.edu,Indonesia,24.31.73.227
190,Carolyn,Rogers,crogers59@columbia.edu,Indonesia,187.114.251.98
191,Teresa,Perkins,tperkins5a@macromedia.com,Poland,185.46.147.139
192,Martha,Willis,mwillis5b@ox.ac.uk,South Africa,24.35.79.124
193,Timothy,Washington,twashington5c@ustream.tv,Russia,243.151.156.220
194,Virginia,Sullivan,vsullivan5d@hp.com,Serbia,183.58.200.138
195,Eugene,Hart,ehart5e@huffingtonpost.com,Netherlands,209.165.12.132
196,Jesse,Anderson,janderson5f@unesco.org,China,146.135.242.46
197,William,King,wking5g@usda.gov,Russia,49.70.171.161
198,Chris,Alexander,calexander5h@bbb.org,Brazil,178.73.143.244
199,Katherine,Nguyen,knguyen5i@google.ca,Uruguay,35.165.100.101
200,Victor,Perkins,vperkins5j@google.co.uk,China,74.69.28.253
201,Patrick,Ryan,pryan5k@creativecommons.org,Portugal,89.184.93.129
202,Adam,Powell,apowell5l@1und1.de,Russia,47.17.255.6
203,John,Riley,jriley5m@soundcloud.com,Bulgaria,197.172.209.96
204,Joe,Campbell,jcampbell5n@answers.com,China,9.234.151.39
205,Ralph,Mendoza,rmendoza5o@ezinearticles.com,Indonesia,108.105.219.11
206,Tammy,Payne,tpayne5p@jigsy.com,China,70.248.159.25
207,Louis,Bell,lbell5q@dion.ne.jp,China,168.44.182.21
208,Antonio,Evans,aevans5r@plala.or.jp,Indonesia,225.100.181.115
209,Katherine,Gordon,kgordon5s@technorati.com,Russia,239.59.232.23
210,Jimmy,Lawrence,jlawrence5t@creativecommons.org,Serbia,96.198.10.192
211,Catherine,Simmons,csimmons5u@spotify.com,South Africa,218.77.56.70
212,Martha,Cooper,mcooper5v@wsj.com,China,194.145.241.28
213,Carolyn,Welch,cwelch5w@comcast.net,Poland,161.82.1.20
214,Karen,Lee,klee5x@ameblo.jp,Indonesia,123.204.58.220
215,Kimberly,Olson,kolson5y@soup.io,China,98.74.122.237
216,Teresa,Peters,tpeters5z@google.co.uk,Mexico,16.88.207.63
217,Jerry,Simmons,jsimmons60@google.com,Greece,224.253.29.209
218,Keith,Johnson,kjohnson61@blogs.com,China,196.227.164.119
219,Howard,Stevens,hstevens62@craigslist.org,Sweden,28.147.1.186
220,Sharon,Lawson,slawson63@prnewswire.com,China,86.138.158.219
221,Tammy,Lynch,tlynch64@prweb.com,Iran,77.63.96.245
222,Charles,Woods,cwoods65@amazon.com,Indonesia,5.10.73.25
223,Benjamin,Long,blong66@multiply.com,Poland,118.122.137.84
224,Stephanie,Payne,spayne67@ft.com,Peru,77.66.85.191
225,Ryan,Lawson,rlawson68@paypal.com,China,149.227.132.38
226,Diana,Myers,dmyers69@mtv.com,Kosovo,15.143.42.4
227,Gerald,Myers,gmyers6a@nbcnews.com,Indonesia,81.188.1.50
228,Wayne,Carter,wcarter6b@mashable.com,China,145.68.214.214
229,Joseph,Taylor,jtaylor6c@hugedomains.com,Indonesia,122.216.16.114
230,Rose,Lopez,rlopez6d@independent.co.uk,Indonesia,130.237.170.177
231,Kathryn,Morrison,kmorrison6e@ed.gov,Czech Republic,16.233.133.28
232,Chris,Gordon,cgordon6f@liveinternet.ru,Thailand,19.9.247.21
233,Steven,Watson,swatson6g@dot.gov,Philippines,98.185.207.8
234,Heather,Washington,hwashington6h@bizjournals.com,China,116.130.221.76
235,Gregory,Romero,gromero6i@tumblr.com,China,190.138.186.238
236,Jose,Edwards,jedwards6j@theglobeandmail.com,Peru,78.156.66.89
237,Michelle,Hughes,mhughes6k@diigo.com,China,82.175.141.170
238,Nicholas,Dunn,ndunn6l@mayoclinic.com,Sweden,43.182.5.41
239,Jane,Harvey,jharvey6m@blog.com,Portugal,96.0.126.204
240,Jonathan,Kelley,jkelley6n@ucoz.ru,Brazil,138.21.192.190
241,Carl,Miller,cmiller6o@umich.edu,Finland,165.87.120.241
242,Nicole,Vasquez,nvasquez6p@opensource.org,Indonesia,243.9.219.166
243,Jonathan,Parker,jparker6q@huffingtonpost.com,China,219.82.182.240
244,Frank,Murphy,fmurphy6r@over-blog.com,Philippines,82.255.54.209
245,Mildred,Fox,mfox6s@nydailynews.com,Russia,123.216.94.247
246,Walter,Harris,wharris6t@arizona.edu,Indonesia,133.106.211.13
247,Philip,Vasquez,pvasquez6u@nature.com,China,146.57.136.48
248,Heather,Gonzalez,hgonzalez6v@ehow.com,Indonesia,77.97.120.98
249,Heather,Rivera,hrivera6w@amazonaws.com,China,51.91.117.245
250,Brandon,Hayes,bhayes6x@topsy.com,Ukraine,250.29.100.51
251,Roy,Willis,rwillis6y@chronoengine.com,Sierra Leone,237.4.17.135
252,Douglas,Snyder,dsnyder6z@delicious.com,Philippines,40.105.228.113
253,Judy,Garcia,jgarcia70@imdb.com,China,158.184.174.218
254,Irene,Coleman,icoleman71@umich.edu,China,106.13.213.60
255,Aaron,Ferguson,aferguson72@issuu.com,China,141.42.76.210
256,Louise,Jordan,ljordan73@harvard.edu,Philippines,49.84.79.4
257,Joseph,Greene,jgreene74@com.com,Tanzania,169.109.104.108
258,Albert,Cunningham,acunningham75@netscape.com,Japan,59.161.68.85
259,Andrew,Rogers,arogers76@elegantthemes.com,Mozambique,124.243.199.65
260,Philip,Price,pprice77@msn.com,Guinea-Bissau,15.141.168.171
261,Judy,Fowler,jfowler78@dagondesign.com,China,225.63.239.6
262,Benjamin,King,bking79@networksolutions.com,China,190.87.142.112
263,Helen,Franklin,hfranklin7a@redcross.org,Finland,184.193.203.185
264,Gary,Gibson,ggibson7b@youtube.com,Bolivia,43.42.14.34
265,Mark,Rose,mrose7c@cisco.com,China,0.112.226.182
266,Matthew,Campbell,mcampbell7d@intel.com,Czech Republic,216.141.41.170
267,Frances,Daniels,fdaniels7e@slideshare.net,China,113.138.171.147
268,Rebecca,Woods,rwoods7f@timesonline.co.uk,China,228.161.213.139
269,Lois,Thompson,lthompson7g@wisc.edu,United States,85.116.228.9
270,Kelly,Russell,krussell7h@a8.net,Guinea,47.40.84.128
271,Betty,Hart,bhart7i@forbes.com,Philippines,139.93.39.56
272,Donna,Rodriguez,drodriguez7j@indiatimes.com,Ukraine,114.80.211.121
273,Roger,Harris,rharris7k@sciencedaily.com,China,41.144.65.223
274,Harry,Morrison,hmorrison7l@ocn.ne.jp,China,78.192.227.4
275,John,Gonzalez,jgonzalez7m@clickbank.net,Brazil,183.147.223.86
276,Wanda,Pierce,wpierce7n@mozilla.org,Armenia,147.131.172.35
277,Carlos,Cooper,ccooper7o@netlog.com,Indonesia,25.127.254.202
278,Amy,Pierce,apierce7p@oaic.gov.au,Indonesia,32.86.141.243
279,Kenneth,Evans,kevans7q@timesonline.co.uk,Russia,36.188.49.76
280,Robin,Nguyen,rnguyen7r@merriam-webster.com,Ukraine,147.38.45.108
281,Wayne,Bradley,wbradley7s@list-manage.com,France,87.232.183.0
282,Wanda,Fields,wfields7t@gnu.org,Indonesia,216.203.180.30
283,Wayne,Hicks,whicks7u@blogspot.com,United States,167.10.172.169
284,Ronald,Barnes,rbarnes7v@telegraph.co.uk,South Africa,61.255.105.198
285,Jeremy,James,jjames7w@a8.net,Indonesia,167.5.80.133
286,Kimberly,Stewart,kstewart7x@vk.com,Morocco,156.214.132.150
287,Lori,Carroll,lcarroll7y@yahoo.co.jp,Australia,99.50.79.47
288,Ann,Mitchell,amitchell7z@house.gov,Greece,10.97.36.138
289,Johnny,Garrett,jgarrett80@java.com,China,26.121.209.56
290,Victor,Baker,vbaker81@soup.io,Greece,154.160.94.125
291,Nancy,Little,nlittle82@tripadvisor.com,Indonesia,204.40.137.153
292,Henry,Carr,hcarr83@people.com.cn,Czech Republic,142.19.210.92
293,Russell,Mendoza,rmendoza84@smugmug.com,South Sudan,50.95.35.228
294,Jennifer,Grant,jgrant85@lulu.com,Palestinian Territory,15.151.232.145
295,Arthur,Johnson,ajohnson86@patch.com,Brazil,216.52.246.109
296,Joe,Jacobs,jjacobs87@un.org,Philippines,176.50.238.184
297,Jeffrey,Howell,jhowell88@geocities.jp,Vietnam,90.61.127.178
298,Joshua,Ellis,jellis89@ow.ly,Brazil,121.42.216.29
299,Bonnie,Armstrong,barmstrong8a@nature.com,China,201.245.244.177
300,Lawrence,Schmidt,lschmidt8b@stumbleupon.com,Israel,143.119.131.69
301,Judy,Wood,jwood8c@elegantthemes.com,Poland,19.184.157.179
302,Fred,Patterson,fpatterson8d@desdev.cn,Costa Rica,76.228.177.228
303,Brian,Kennedy,bkennedy8e@t-online.de,Brazil,246.59.227.209
304,Samuel,Peterson,speterson8f@weather.com,Czech Republic,19.152.204.130
305,Linda,Duncan,lduncan8g@51.la,China,34.79.79.245
306,Irene,Owens,iowens8h@livejournal.com,Honduras,137.175.125.200
307,Laura,Chapman,lchapman8i@nbcnews.com,Kenya,239.183.47.53
308,Kenneth,Andrews,kandrews8j@nydailynews.com,Venezuela,200.129.63.159
309,Timothy,Andrews,tandrews8k@vk.com,Russia,118.119.101.69
310,Irene,Brooks,ibrooks8l@newyorker.com,Brazil,244.18.44.188
311,Charles,Lynch,clynch8m@flavors.me,Mexico,34.111.98.106
312,Martha,Hill,mhill8n@gov.uk,Vietnam,160.83.240.42
313,Craig,Edwards,cedwards8o@miibeian.gov.cn,Indonesia,97.186.173.76
314,Craig,Kelley,ckelley8p@china.com.cn,China,176.42.237.143
315,David,Turner,dturner8q@fda.gov,Indonesia,131.205.20.81
316,Amy,Russell,arussell8r@fda.gov,Peru,101.78.28.120
317,Janice,Hamilton,jhamilton8s@goodreads.com,Colombia,183.209.48.197
318,Lillian,Franklin,lfranklin8t@umn.edu,United States,184.87.118.76
319,Cynthia,Rice,crice8u@ftc.gov,China,97.190.232.51
320,Harry,Morales,hmorales8v@washingtonpost.com,China,246.105.153.168
321,Gregory,Hanson,ghanson8w@bigcartel.com,Czech Republic,44.94.159.162
322,Bonnie,Stanley,bstanley8x@nbcnews.com,China,28.2.1.3
323,Justin,King,jking8y@ovh.net,China,69.175.124.234
324,Patricia,Price,pprice8z@theglobeandmail.com,Sweden,156.253.1.148
325,Judy,Little,jlittle90@hostgator.com,China,208.117.14.247
326,Bobby,Reyes,breyes91@comsenz.com,Greece,47.200.115.195
327,Diane,George,dgeorge92@ibm.com,Argentina,204.122.201.98
328,Scott,Stevens,sstevens93@noaa.gov,Panama,71.63.28.152
329,Phillip,Davis,pdavis94@hatena.ne.jp,Portugal,88.88.254.34
330,Brandon,Duncan,bduncan95@google.it,China,97.152.78.201
331,Cheryl,Griffin,cgriffin96@altervista.org,Yemen,127.156.131.8
332,Alice,Phillips,aphillips97@ibm.com,Colombia,33.39.222.233
333,Patrick,Stone,pstone98@hugedomains.com,Bolivia,135.192.223.254
334,Janet,Russell,jrussell99@economist.com,Sweden,54.125.128.39
335,Patrick,Mcdonald,pmcdonald9a@bloglovin.com,Iran,13.222.249.200
336,Kelly,Gilbert,kgilbert9b@wikipedia.org,Russia,141.131.72.9
337,Amy,Larson,alarson9c@rakuten.co.jp,China,93.63.161.245
338,Rachel,Gomez,rgomez9d@reverbnation.com,Czech Republic,195.131.80.32
339,Adam,Holmes,aholmes9e@opensource.org,Russia,208.245.109.162
340,Jeremy,White,jwhite9f@flavors.me,Russia,172.33.11.205
341,Robin,Fowler,rfowler9g@ning.com,China,47.58.172.105
342,Henry,Cook,hcook9h@google.com.hk,China,16.251.254.18
343,Ronald,Walker,rwalker9i@bloglines.com,China,159.239.140.134
344,Michael,Carpenter,mcarpenter9j@discuz.net,South Korea,217.118.231.194
345,Catherine,Hernandez,chernandez9k@ucla.edu,Argentina,162.180.31.141
346,Rebecca,Cooper,rcooper9l@usa.gov,France,237.57.236.99
347,Michael,Jenkins,mjenkins9m@economist.com,China,245.189.210.8
348,Theresa,Morrison,tmorrison9n@mediafire.com,Poland,61.182.195.145
349,Judith,Ramirez,jramirez9o@youtube.com,Norway,37.240.116.239
350,Louise,Day,lday9p@constantcontact.com,Japan,90.1.193.235
351,Cheryl,Sullivan,csullivan9q@google.ca,Italy,123.109.105.45
352,Melissa,White,mwhite9r@google.com.br,China,147.68.233.210
353,Gary,Alvarez,galvarez9s@chicagotribune.com,Indonesia,180.96.250.75
354,Marie,Lawrence,mlawrence9t@amazon.co.jp,Venezuela,126.69.107.244
355,Gregory,Kelley,gkelley9u@ask.com,Israel,127.165.105.217
356,Henry,Chapman,hchapman9v@g.co,China,207.50.190.111
357,Laura,Martin,lmartin9w@microsoft.com,Indonesia,238.175.71.83
358,Katherine,Scott,kscott9x@oaic.gov.au,France,229.80.49.101
359,Lawrence,Roberts,lroberts9y@oracle.com,Philippines,66.202.44.193
360,Mark,Bradley,mbradley9z@merriam-webster.com,Switzerland,194.227.18.24
361,Teresa,Davis,tdavisa0@pbs.org,China,156.105.145.197
362,Fred,Ortiz,fortiza1@statcounter.com,United States,101.27.236.98
363,Paula,Cook,pcooka2@amazon.com,Albania,160.30.93.198
364,Bobby,Rogers,brogersa3@bandcamp.com,Botswana,41.74.235.110
365,Raymond,Miller,rmillera4@washington.edu,Thailand,165.137.85.100
366,Stephanie,Banks,sbanksa5@bluehost.com,Russia,162.39.146.139
367,Anna,Garcia,agarciaa6@google.fr,Philippines,53.138.122.98
368,Jean,Armstrong,jarmstronga7@gov.uk,Croatia,57.86.246.238
369,Judith,Banks,jbanksa8@pen.io,China,18.153.193.75
370,Patrick,Davis,pdavisa9@cdc.gov,Afghanistan,49.175.254.104
371,Andrew,Peterson,apetersonaa@wufoo.com,Micronesia,44.5.179.17
372,Russell,Scott,rscottab@salon.com,Finland,105.34.215.109
373,Jesse,Lawson,jlawsonac@123-reg.co.uk,Maldives,212.10.161.214
374,Karen,Gilbert,kgilbertad@tinyurl.com,Indonesia,118.143.218.194
375,Helen,Hawkins,hhawkinsae@chron.com,Latvia,39.69.121.17
376,Patrick,Medina,pmedinaaf@yelp.com,China,104.223.249.165
377,Judy,Bradley,jbradleyag@tripod.com,Brazil,233.255.225.147
378,Juan,Long,jlongah@dell.com,China,209.253.216.49
379,James,Hall,jhallai@exblog.jp,Nigeria,117.230.201.239
380,Aaron,Morris,amorrisaj@ucla.edu,Indonesia,107.91.128.101
381,Theresa,Diaz,tdiazak@last.fm,France,242.167.222.35
382,Frank,Mendoza,fmendozaal@mysql.com,Zimbabwe,32.193.114.229
383,Christina,Rivera,criveraam@lulu.com,China,87.203.227.235
384,Joseph,Payne,jpaynean@google.ca,Portugal,228.136.134.13
385,Helen,Nichols,hnicholsao@wufoo.com,Denmark,173.211.53.4
386,Sarah,Sanders,ssandersap@dion.ne.jp,Argentina,30.138.125.172
387,Earl,Taylor,etayloraq@issuu.com,Indonesia,204.35.175.58
388,Louise,Phillips,lphillipsar@squidoo.com,Ivory Coast,169.243.171.56
389,Sharon,Hill,shillas@archive.org,Portugal,61.158.209.44
390,Julia,Cooper,jcooperat@addthis.com,Russia,67.121.175.237
391,Joan,Watkins,jwatkinsau@nyu.edu,Guam,29.153.229.241
392,Evelyn,Bell,ebellav@sphinn.com,Russia,220.68.50.55
393,Walter,Spencer,wspenceraw@cocolog-nifty.com,Azerbaijan,9.34.156.155
394,Mildred,Gutierrez,mgutierrezax@dot.gov,Azerbaijan,222.78.3.99
395,Keith,Dunn,kdunnay@cloudflare.com,Portugal,189.240.195.97
396,Nicole,Vasquez,nvasquezaz@networkadvertising.org,Ireland,121.14.68.72
397,Lori,Gibson,lgibsonb0@mtv.com,Indonesia,132.232.187.18
398,Russell,Cox,rcoxb1@gmpg.org,Mexico,14.104.225.61
399,Joe,Young,jyoungb2@macromedia.com,Micronesia,249.3.0.156
400,Jerry,Wheeler,jwheelerb3@simplemachines.org,Serbia,97.74.198.254
401,Louise,Mason,lmasonb4@usda.gov,Indonesia,143.16.2.241
402,Cheryl,Ross,crossb5@who.int,Russia,39.25.185.164
403,Jason,George,jgeorgeb6@loc.gov,United States,210.128.153.135
404,Jose,Fisher,jfisherb7@t.co,Argentina,160.214.60.140
405,Ernest,Lawrence,elawrenceb8@comcast.net,China,86.241.10.227
406,Martha,Bell,mbellb9@army.mil,Philippines,138.225.222.142
407,Sara,King,skingba@salon.com,Argentina,7.1.55.62
408,Lawrence,Wagner,lwagnerbb@51.la,Armenia,248.21.45.44
409,Ruth,Grant,rgrantbc@cloudflare.com,Philippines,139.55.101.155
410,Ruth,Medina,rmedinabd@istockphoto.com,Indonesia,209.138.3.77
411,Randy,Burke,rburkebe@microsoft.com,China,139.30.242.219
412,Melissa,Gilbert,mgilbertbf@ted.com,Peru,220.4.116.162
413,Andrew,Lane,alanebg@php.net,Sweden,32.58.2.222
414,Kathleen,Collins,kcollinsbh@nps.gov,Poland,43.148.252.72
415,Nicole,Cooper,ncooperbi@time.com,Saint Kitts and Nevis,124.188.53.43
416,Steve,Ward,swardbj@ed.gov,United States,55.156.48.192
417,Amanda,Grant,agrantbk@youtube.com,Peru,163.139.231.10
418,Carol,Wright,cwrightbl@homestead.com,Argentina,171.218.103.117
419,John,Grant,jgrantbm@oaic.gov.au,Montserrat,36.61.48.83
420,Marie,Turner,mturnerbn@angelfire.com,China,178.253.84.130
421,Ruby,Freeman,rfreemanbo@technorati.com,France,21.194.118.143
422,Juan,Torres,jtorresbp@ucoz.ru,China,107.0.193.200
423,Andrea,Marshall,amarshallbq@tumblr.com,Russia,131.193.215.43
424,Diane,Gomez,dgomezbr@google.de,Democratic Republic of the Congo,202.210.171.63
425,Steven,Richards,srichardsbs@archive.org,Russia,200.143.78.236
426,Debra,Bowman,dbowmanbt@live.com,Nigeria,121.75.115.135
427,Annie,Warren,awarrenbu@addthis.com,Malta,33.30.200.38
428,Albert,Nelson,anelsonbv@wix.com,Greece,138.92.208.90
429,Walter,Carter,wcarterbw@examiner.com,China,150.120.109.103
430,Rebecca,Garrett,rgarrettbx@nih.gov,Japan,94.247.254.205
431,Mark,Jordan,mjordanby@jalbum.net,Bhutan,182.118.156.198
432,Deborah,Thompson,dthompsonbz@rediff.com,Portugal,158.103.143.35
433,Debra,Stone,dstonec0@twitter.com,Philippines,104.65.188.99
434,Louise,Hughes,lhughesc1@stanford.edu,Portugal,140.228.73.131
435,Nancy,Dixon,ndixonc2@scribd.com,Nigeria,28.196.122.15
436,Beverly,Carroll,bcarrollc3@ft.com,Yemen,13.255.11.50
437,Bruce,Simpson,bsimpsonc4@hibu.com,United States,3.170.96.77
438,Clarence,Hill,chillc5@elpais.com,Kyrgyzstan,53.106.36.107
439,Richard,Long,rlongc6@desdev.cn,Sweden,56.166.68.136
440,Kevin,Moreno,kmorenoc7@chicagotribune.com,Saint Kitts and Nevis,9.167.92.201
441,Willie,Rice,wricec8@skyrock.com,Japan,60.41.207.247
442,Nicholas,Allen,nallenc9@prweb.com,Indonesia,98.203.120.97
443,Howard,Chavez,hchavezca@networkadvertising.org,Bolivia,58.111.5.246
444,Raymond,Larson,rlarsoncb@reddit.com,China,81.23.24.253
445,Judith,Taylor,jtaylorcc@digg.com,Brazil,166.70.214.148
446,Lori,Williams,lwilliamscd@cnet.com,Portugal,142.237.177.42
447,Kelly,Dunn,kdunnce@mozilla.com,China,31.96.252.4
448,Maria,Roberts,mrobertscf@state.tx.us,Brazil,133.11.223.247
449,Andrew,Larson,alarsoncg@nih.gov,Palestinian Territory,31.178.204.199
450,Jose,Ryan,jryanch@instagram.com,Portugal,253.58.41.43
451,Sandra,Williamson,swilliamsonci@netlog.com,United States,54.50.210.162
452,Keith,Hill,khillcj@msn.com,Japan,177.64.185.117
453,Carlos,Gray,cgrayck@latimes.com,Poland,197.15.222.223
454,Raymond,Reid,rreidcl@cnet.com,Indonesia,38.133.82.252
455,Diana,Wood,dwoodcm@boston.com,Poland,58.137.9.200
456,Nicholas,Bennett,nbennettcn@jigsy.com,Albania,201.168.148.48
457,Norma,Rose,nroseco@mail.ru,Portugal,169.172.28.199
458,Joseph,Porter,jportercp@theguardian.com,Indonesia,151.156.56.90
459,Paula,Nelson,pnelsoncq@rediff.com,China,174.64.187.246
460,Chris,Lane,clanecr@nymag.com,Indonesia,76.81.34.146
461,Jerry,Ellis,jelliscs@microsoft.com,United States,218.152.163.115
462,Thomas,Gordon,tgordonct@slashdot.org,Greece,161.138.5.48
463,Steve,Johnston,sjohnstoncu@amazon.com,Czech Republic,228.30.123.212
464,Charles,Hanson,chansoncv@stumbleupon.com,Czech Republic,122.118.224.46
465,Keith,Holmes,kholmescw@cmu.edu,Greece,121.163.47.241
466,Angela,Bryant,abryantcx@reverbnation.com,Sweden,66.62.200.81
467,Jeremy,Bowman,jbowmancy@vistaprint.com,Mongolia,79.232.82.33
468,Norma,Davis,ndaviscz@ftc.gov,Norway,252.168.100.152
469,Martin,Taylor,mtaylord0@bluehost.com,Cameroon,84.157.218.104
470,Lori,Nguyen,lnguyend1@cdbaby.com,Indonesia,125.121.182.194
471,Joseph,Ward,jwardd2@google.cn,Indonesia,101.239.166.72
472,Adam,Wallace,awallaced3@sitemeter.com,Argentina,204.52.168.160
473,Emily,Hall,ehalld4@symantec.com,Peru,164.42.193.225
474,Mildred,Garrett,mgarrettd5@sciencedirect.com,China,150.143.141.185
475,Rachel,Spencer,rspencerd6@walmart.com,Philippines,142.138.91.114
476,Bobby,Dunn,bdunnd7@pbs.org,Malaysia,141.73.125.80
477,Linda,Warren,lwarrend8@opensource.org,Sweden,113.216.172.30
478,Laura,Snyder,lsnyderd9@scribd.com,Finland,252.202.241.71
479,Louis,Hall,lhallda@npr.org,Argentina,19.222.14.141
480,William,Knight,wknightdb@merriam-webster.com,Japan,145.237.49.64
481,Martin,Ross,mrossdc@nih.gov,Indonesia,221.55.7.214
482,Evelyn,Hudson,ehudsondd@tinypic.com,Philippines,183.38.116.145
483,Bruce,Holmes,bholmesde@printfriendly.com,Nigeria,44.7.131.92
484,Joe,Garrett,jgarrettdf@themeforest.net,China,227.142.60.112
485,Ann,Torres,atorresdg@psu.edu,Brazil,161.156.13.242
486,Jack,Hunter,jhunterdh@theatlantic.com,Tanzania,199.78.93.225
487,Paula,Garza,pgarzadi@zimbio.com,Sweden,68.97.195.245
488,Helen,Richardson,hrichardsondj@com.com,Portugal,159.202.109.205
489,Catherine,Willis,cwillisdk@un.org,China,114.128.134.198
490,Pamela,Porter,pporterdl@webmd.com,China,249.105.145.106
491,Kenneth,Evans,kevansdm@yale.edu,Indonesia,46.172.20.147
492,Nicholas,Andrews,nandrewsdn@umich.edu,Canada,147.208.192.60
493,Teresa,Chavez,tchavezdo@google.com.au,Estonia,98.144.101.215
494,Adam,Jordan,ajordandp@dmoz.org,Portugal,211.44.15.117
495,Terry,Jacobs,tjacobsdq@smugmug.com,Indonesia,80.167.30.174
496,Jean,Reynolds,jreynoldsdr@shop-pro.jp,Peru,113.81.46.175
497,Linda,Thomas,lthomasds@histats.com,Poland,21.84.199.67
498,Ronald,Meyer,rmeyerdt@jigsy.com,China,207.72.141.252
499,Linda,Nelson,lnelsondu@comcast.net,Chile,88.133.137.156
500,Judy,Sims,jsimsdv@addthis.com,Brazil,61.39.93.38
501,Fred,Gilbert,fgilbertdw@squarespace.com,Jordan,212.184.86.12
502,Janice,Martin,jmartindx@naver.com,China,16.66.64.178
503,Karen,Garrett,kgarrettdy@printfriendly.com,China,137.58.2.73
504,Frank,Fuller,ffullerdz@privacy.gov.au,Portugal,123.108.156.166
505,Susan,Ray,sraye0@wunderground.com,Indonesia,70.184.181.50
506,Albert,Williamson,awilliamsone1@domainmarket.com,Brazil,117.243.59.83
507,Marilyn,Scott,mscotte2@weibo.com,Philippines,152.65.119.51
508,Ryan,Morgan,rmorgane3@booking.com,Philippines,187.132.103.251
509,Richard,Stanley,rstanleye4@over-blog.com,Czech Republic,181.231.7.65
510,Pamela,Mills,pmillse5@tumblr.com,Slovenia,115.11.31.34
511,Jeremy,Richards,jrichardse6@parallels.com,Tunisia,97.165.140.125
512,Timothy,Jordan,tjordane7@cmu.edu,Syria,176.151.29.221
513,Sean,Hall,shalle8@dropbox.com,Armenia,146.242.253.116
514,Kathy,Crawford,kcrawforde9@paginegialle.it,Canada,51.82.50.241
515,Clarence,Allen,callenea@nymag.com,Tanzania,156.160.224.38
516,Howard,Crawford,hcrawfordeb@walmart.com,Indonesia,25.227.155.125
517,Joyce,Bell,jbellec@netvibes.com,Indonesia,248.145.42.51
518,Amy,Williamson,awilliamsoned@vinaora.com,Russia,18.222.114.91
519,Karen,Burns,kburnsee@photobucket.com,China,28.36.42.104
520,Paula,Weaver,pweaveref@wikispaces.com,Tanzania,134.121.241.125
521,Bruce,Mitchell,bmitchelleg@github.com,China,181.188.6.124
522,Louise,Adams,ladamseh@sciencedirect.com,Pakistan,182.66.184.34
523,Chris,Sanders,csandersei@cnbc.com,France,210.18.35.76
524,Virginia,Ortiz,vortizej@nymag.com,China,78.112.58.58
525,Denise,Scott,dscottek@miitbeian.gov.cn,China,49.24.45.161
526,Martin,George,mgeorgeel@google.com,Canada,53.134.225.157
527,Gary,Jones,gjonesem@yellowbook.com,China,11.252.101.217
528,Anne,Woods,awoodsen@paypal.com,United States,235.126.53.97
529,Peter,Burton,pburtoneo@uol.com.br,Bosnia and Herzegovina,59.143.87.68
530,Cheryl,Johnson,cjohnsonep@twitpic.com,Svalbard and Jan Mayen,83.128.244.243
531,Amy,Ramirez,aramirezeq@fema.gov,Tunisia,95.242.144.194
532,Harold,Freeman,hfreemaner@tripadvisor.com,Portugal,65.227.234.57
533,Patricia,Henderson,phendersones@admin.ch,China,28.128.221.12
534,Howard,Alexander,halexanderet@weibo.com,China,186.8.186.104
535,Amy,Martin,amartineu@squidoo.com,China,107.125.156.234
536,Margaret,Armstrong,marmstrongev@msu.edu,Indonesia,144.102.130.192
537,Jesse,Powell,jpowellew@artisteer.com,United States,59.189.154.117
538,Louis,Pierce,lpierceex@nymag.com,Indonesia,28.18.196.115
539,Johnny,Dunn,jdunney@sciencedaily.com,Sweden,100.61.103.95
540,Billy,Castillo,bcastilloez@pinterest.com,Poland,109.255.39.229
541,Sarah,Rice,sricef0@latimes.com,Sweden,228.38.128.127
542,Martha,Hamilton,mhamiltonf1@bloglines.com,Russia,44.176.106.118
543,Deborah,Mcdonald,dmcdonaldf2@squidoo.com,Democratic Republic of the Congo,219.82.152.183
544,Alan,Russell,arussellf3@admin.ch,Indonesia,62.209.175.248
545,Jacqueline,Banks,jbanksf4@chronoengine.com,Poland,236.127.42.207
546,Julia,Ortiz,jortizf5@google.com.hk,Indonesia,211.72.89.213
547,Sara,Gomez,sgomezf6@flickr.com,Philippines,204.97.19.245
548,Carl,Taylor,ctaylorf7@storify.com,China,44.32.27.47
549,Eric,Hunter,ehunterf8@joomla.org,Chile,54.78.160.212
550,Lois,Boyd,lboydf9@mashable.com,Brazil,81.2.48.2
551,Alice,Fisher,afisherfa@sitemeter.com,Colombia,113.201.49.109
552,Donna,Ellis,dellisfb@time.com,Saint Lucia,150.17.7.89
553,Patricia,Wells,pwellsfc@nationalgeographic.com,Vietnam,146.158.121.80
554,Amanda,Ruiz,aruizfd@vimeo.com,Greece,250.247.229.214
555,Kevin,Perkins,kperkinsfe@smugmug.com,China,166.151.193.11
556,Harold,Stewart,hstewartff@google.ru,Indonesia,222.120.223.103
557,Betty,Ross,brossfg@cisco.com,Argentina,223.36.234.216
558,Maria,Hart,mhartfh@who.int,United States,164.11.240.170
559,Nicholas,Richards,nrichardsfi@reference.com,France,55.225.117.237
560,Juan,Gonzalez,jgonzalezfj@taobao.com,Russia,75.18.114.94
561,Harry,Stanley,hstanleyfk@home.pl,Portugal,43.148.76.132
562,Timothy,Gibson,tgibsonfl@sitemeter.com,China,195.235.132.254
563,Roger,Arnold,rarnoldfm@weebly.com,Indonesia,163.83.63.68
564,Evelyn,Simpson,esimpsonfn@typepad.com,Mexico,197.47.137.229
565,Tina,Henderson,thendersonfo@imdb.com,Czech Republic,94.104.78.206
566,Christine,Alvarez,calvarezfp@latimes.com,China,212.159.185.61
567,Virginia,Coleman,vcolemanfq@chicagotribune.com,Macedonia,55.145.107.181
568,Melissa,Morrison,mmorrisonfr@diigo.com,China,179.201.98.79
569,John,Campbell,jcampbellfs@mapy.cz,Yemen,183.127.107.1
570,Rebecca,Cole,rcoleft@senate.gov,Thailand,187.124.193.253
571,Harry,Hall,hhallfu@skype.com,Japan,71.109.231.0
572,Jeremy,Garza,jgarzafv@samsung.com,Indonesia,89.15.87.146
573,Lori,Duncan,lduncanfw@independent.co.uk,Poland,168.69.142.121
574,Willie,Moreno,wmorenofx@comsenz.com,United States,95.50.198.76
575,Larry,Garza,lgarzafy@wix.com,Central African Republic,67.153.167.103
576,Louise,Hudson,lhudsonfz@ameblo.jp,Nicaragua,38.105.225.213
577,Stephen,Sanchez,ssanchezg0@elegantthemes.com,Finland,72.77.220.16
578,Patrick,Woods,pwoodsg1@t-online.de,Honduras,159.147.18.208
579,Kathryn,Grant,kgrantg2@google.es,Indonesia,4.121.236.91
580,Helen,Frazier,hfrazierg3@virginia.edu,China,205.112.63.182
581,Earl,Peterson,epetersong4@wired.com,Mexico,103.180.47.0
582,Rachel,Ross,rrossg5@people.com.cn,Indonesia,132.111.47.2
583,Melissa,Snyder,msnyderg6@webnode.com,Argentina,249.202.253.116
584,Fred,Bishop,fbishopg7@google.com.br,China,85.55.128.149
585,Katherine,Long,klongg8@artisteer.com,Indonesia,206.155.5.131
586,Brian,Garcia,bgarciag9@sogou.com,Russia,121.88.130.140
587,Keith,Hall,khallga@jimdo.com,Vietnam,81.223.178.209
588,Eric,Bennett,ebennettgb@hao123.com,United States,188.30.248.238
589,Victor,Webb,vwebbgc@nifty.com,Albania,70.171.176.106
590,Lawrence,Castillo,lcastillogd@vkontakte.ru,Myanmar,15.123.101.153
591,Christina,Jackson,cjacksonge@gov.uk,France,167.239.145.122
592,Bobby,Shaw,bshawgf@ucsd.edu,Libya,102.102.124.91
593,Rachel,Porter,rportergg@pbs.org,China,184.182.131.167
594,Cynthia,Richardson,crichardsongh@linkedin.com,Indonesia,223.253.167.206
595,Willie,Black,wblackgi@storify.com,Peru,129.155.31.69
596,Samuel,Torres,storresgj@ftc.gov,Peru,120.42.143.139
597,Heather,Carpenter,hcarpentergk@apple.com,Indonesia,13.73.209.152
598,Larry,Ramos,lramosgl@mozilla.org,China,12.171.239.30
599,Marie,Hansen,mhansengm@dagondesign.com,Afghanistan,38.117.223.85
600,Phillip,Russell,prussellgn@nps.gov,China,179.38.187.187
601,Denise,Russell,drussellgo@cloudflare.com,Cuba,28.32.195.25
602,Amanda,George,ageorgegp@ehow.com,Indonesia,70.94.241.114
603,Roger,Robertson,rrobertsongq@newyorker.com,China,153.61.32.197
604,Jane,Mccoy,jmccoygr@loc.gov,Indonesia,136.90.201.51
605,Kathy,Grant,kgrantgs@photobucket.com,China,246.213.225.32
606,Catherine,Stewart,cstewartgt@amazonaws.com,Poland,203.55.122.84
607,Joyce,Foster,jfostergu@reuters.com,Peru,58.118.89.65
608,Kathryn,Stephens,kstephensgv@wikia.com,Mexico,90.0.239.74
609,Adam,Clark,aclarkgw@accuweather.com,Indonesia,46.90.38.88
610,Carol,Oliver,colivergx@telegraph.co.uk,Peru,30.91.223.132
611,Steve,Fernandez,sfernandezgy@feedburner.com,Macedonia,182.193.209.226
612,Keith,Harper,kharpergz@cnet.com,Malaysia,18.178.125.244
613,Timothy,Gray,tgrayh0@nifty.com,Peru,67.93.254.144
614,Martin,Torres,mtorresh1@gov.uk,Thailand,55.74.228.117
615,Helen,Campbell,hcampbellh2@imdb.com,Philippines,43.249.125.46
616,Chris,Wheeler,cwheelerh3@github.com,Indonesia,0.65.232.48
617,Gary,Knight,gknighth4@jimdo.com,France,162.46.130.48
618,Anne,Cox,acoxh5@narod.ru,China,234.198.210.117
619,Charles,Evans,cevansh6@xinhuanet.com,France,246.71.90.91
620,Sarah,Stanley,sstanleyh7@squidoo.com,Greece,238.208.196.244
621,Rebecca,Fields,rfieldsh8@bloomberg.com,Czech Republic,34.129.135.2
622,Shirley,Reynolds,sreynoldsh9@pinterest.com,Indonesia,189.30.46.52
623,Jane,Carroll,jcarrollha@joomla.org,Czech Republic,83.22.212.35
624,Susan,Wells,swellshb@nasa.gov,Peru,50.91.47.23
625,Karen,Hunter,khunterhc@com.com,Czech Republic,68.175.191.233
626,Cheryl,Myers,cmyershd@godaddy.com,Mexico,216.137.172.231
627,Todd,Sullivan,tsullivanhe@soup.io,Indonesia,246.86.177.15
628,Joshua,Williamson,jwilliamsonhf@wiley.com,France,121.172.239.208
629,Louise,Mcdonald,lmcdonaldhg@statcounter.com,Russia,230.138.14.54
630,Alice,James,ajameshh@nifty.com,Indonesia,71.199.213.45
631,Marilyn,Larson,mlarsonhi@wp.com,China,210.102.53.28
632,Carlos,Franklin,cfranklinhj@spotify.com,China,12.179.180.157
633,Justin,Rose,jrosehk@is.gd,Thailand,233.81.253.20
634,Kevin,Kelly,kkellyhl@bluehost.com,Finland,240.44.70.14
635,Johnny,Franklin,jfranklinhm@php.net,Russia,78.19.253.119
636,Robert,Washington,rwashingtonhn@ask.com,Malaysia,173.150.175.229
637,Paul,Wood,pwoodho@cmu.edu,Sweden,6.72.250.86
638,Thomas,Gardner,tgardnerhp@shinystat.com,Canada,76.87.87.245
639,Frances,Jones,fjoneshq@theatlantic.com,United States,124.195.125.84
640,Donna,Watkins,dwatkinshr@google.ru,Portugal,76.181.202.85
641,Dennis,Ellis,dellishs@gnu.org,China,96.8.215.39
642,Brenda,Reid,breidht@narod.ru,Portugal,180.186.222.102
643,Donald,Jenkins,djenkinshu@ibm.com,Indonesia,41.14.39.193
644,Scott,Patterson,spattersonhv@cafepress.com,Sri Lanka,10.118.54.210
645,Douglas,Lawson,dlawsonhw@cmu.edu,Indonesia,26.38.133.197
646,Harry,Day,hdayhx@nba.com,Philippines,47.218.104.25
647,Michael,Ray,mrayhy@eepurl.com,Philippines,147.191.247.55
648,Judy,Pierce,jpiercehz@sohu.com,Japan,130.89.160.23
649,Nicholas,Flores,nfloresi0@ca.gov,Bolivia,192.138.157.53
650,Jacqueline,Hughes,jhughesi1@posterous.com,Portugal,133.84.3.26
651,Scott,Duncan,sduncani2@wikipedia.org,Indonesia,76.84.208.244
652,Phillip,Sullivan,psullivani3@vinaora.com,Madagascar,142.147.98.197
653,Johnny,Hansen,jhanseni4@wisc.edu,China,97.189.38.204
654,Janet,Lewis,jlewisi5@cnbc.com,China,62.130.255.99
655,Douglas,Martin,dmartini6@unesco.org,Indonesia,16.77.165.173
656,Kathryn,Bell,kbelli7@barnesandnoble.com,Ukraine,220.182.26.75
657,Richard,Powell,rpowelli8@huffingtonpost.com,Peru,16.158.59.4
658,Heather,Phillips,hphillipsi9@google.fr,Lithuania,208.24.233.187
659,Carlos,Kelly,ckellyia@sciencedaily.com,Argentina,60.213.99.185
660,Rachel,Duncan,rduncanib@indiegogo.com,Brazil,115.154.188.249
661,Anthony,Robinson,arobinsonic@webs.com,Poland,146.81.94.31
662,Steve,Chavez,schavezid@rediff.com,Bangladesh,205.27.192.199
663,Kenneth,Russell,krussellie@wikispaces.com,United States,70.110.126.18
664,Roy,Carter,rcarterif@stumbleupon.com,Cuba,119.33.172.247
665,Pamela,Morales,pmoralesig@last.fm,Philippines,213.138.126.170
666,Alice,Long,alongih@ft.com,Indonesia,99.87.163.49
667,Julie,Moore,jmooreii@dropbox.com,Mali,6.97.140.155
668,Debra,Harrison,dharrisonij@apache.org,Poland,10.82.191.117
669,Irene,Ramirez,iramirezik@va.gov,Poland,112.76.156.196
670,Christina,Patterson,cpattersonil@imgur.com,China,235.199.188.109
671,Robert,Flores,rfloresim@ovh.net,Sweden,51.215.247.83
672,Victor,Bishop,vbishopin@cam.ac.uk,Ukraine,3.57.47.88
673,Martha,Smith,msmithio@aboutads.info,Russia,242.148.183.71
674,Patrick,Jenkins,pjenkinsip@friendfeed.com,Philippines,219.226.232.208
675,Stephen,Griffin,sgriffiniq@google.com.br,Bulgaria,17.117.140.136
676,Susan,Gonzales,sgonzalesir@behance.net,Indonesia,240.82.8.72
677,Bruce,Oliver,boliveris@tinyurl.com,Democratic Republic of the Congo,107.245.193.70
678,Teresa,Fisher,tfisherit@rakuten.co.jp,Sweden,227.251.189.123
679,Stephen,Gonzales,sgonzalesiu@1und1.de,Indonesia,198.157.78.178
680,Eugene,Sanchez,esancheziv@cdbaby.com,Argentina,243.116.87.241
681,Jimmy,Chavez,jchaveziw@wikipedia.org,Sweden,128.193.173.118
682,Jason,Tucker,jtuckerix@phoca.cz,Netherlands,49.12.21.35
683,Jane,Rivera,jriveraiy@a8.net,Brazil,50.82.122.109
684,Deborah,Collins,dcollinsiz@irs.gov,Indonesia,98.165.84.158
685,Bruce,Watson,bwatsonj0@wufoo.com,Russia,81.178.151.35
686,Dennis,Brooks,dbrooksj1@hud.gov,France,180.7.60.75
687,Deborah,Flores,dfloresj2@jugem.jp,Poland,36.91.130.94
688,Justin,Willis,jwillisj3@unesco.org,China,212.36.39.208
689,Richard,Stone,rstonej4@foxnews.com,United States,230.150.3.109
690,John,Hansen,jhansenj5@ebay.co.uk,Brazil,12.112.187.52
691,Todd,Adams,tadamsj6@ucla.edu,Indonesia,244.27.70.172
692,Wanda,Dixon,wdixonj7@youku.com,Indonesia,186.183.63.92
693,Lillian,Peterson,lpetersonj8@wordpress.org,Denmark,149.50.139.133
694,Stephanie,Collins,scollinsj9@bing.com,Nigeria,94.67.176.44
695,Norma,Wagner,nwagnerja@nba.com,Tanzania,142.195.160.153
696,Donna,Hayes,dhayesjb@topsy.com,Venezuela,66.221.136.52
697,Pamela,Carpenter,pcarpenterjc@github.io,Argentina,172.219.214.173
698,Annie,Hughes,ahughesjd@bloglines.com,Burkina Faso,73.104.110.152
699,Richard,Watkins,rwatkinsje@ifeng.com,Turkmenistan,227.140.6.249
700,Carl,Rose,crosejf@netlog.com,Bahamas,113.11.5.192
701,Matthew,Welch,mwelchjg@ifeng.com,China,225.41.4.88
702,Sean,Elliott,selliottjh@diigo.com,Chile,131.82.32.122
703,Lori,Gardner,lgardnerji@ifeng.com,Colombia,36.24.39.2
704,Gloria,Washington,gwashingtonjj@linkedin.com,Brazil,196.242.107.240
705,Andrew,Willis,awillisjk@imageshack.us,Brazil,66.16.225.102
706,Nicholas,Cunningham,ncunninghamjl@mail.ru,Philippines,58.45.58.116
707,Jeremy,Gordon,jgordonjm@nhs.uk,Philippines,171.51.196.18
708,Ann,Adams,aadamsjn@hibu.com,Moldova,44.140.24.197
709,Richard,Walker,rwalkerjo@tuttocitta.it,France,41.97.239.207
710,Anne,Myers,amyersjp@wikispaces.com,Russia,126.32.243.103
711,Steve,Mason,smasonjq@google.cn,Albania,249.136.251.246
712,Patrick,Fuller,pfullerjr@dot.gov,Czech Republic,195.94.201.101
713,Harold,Crawford,hcrawfordjs@boston.com,China,225.112.113.123
714,Cheryl,Fernandez,cfernandezjt@nbcnews.com,Ireland,128.54.195.163
715,Joe,Edwards,jedwardsju@odnoklassniki.ru,United States,188.137.243.247
716,William,Freeman,wfreemanjv@flickr.com,Brazil,66.32.41.182
717,Larry,Mason,lmasonjw@g.co,Peru,94.247.255.55
718,Gregory,Porter,gporterjx@unesco.org,Brazil,215.175.94.177
719,Roger,Bryant,rbryantjy@123-reg.co.uk,Pakistan,170.46.82.13
720,Judith,Collins,jcollinsjz@phpbb.com,China,251.184.211.175
721,Russell,Palmer,rpalmerk0@nyu.edu,Indonesia,119.46.101.213
722,Matthew,Mccoy,mmccoyk1@lulu.com,China,39.232.49.253
723,Walter,Washington,wwashingtonk2@unesco.org,Philippines,113.219.211.125
724,James,Fernandez,jfernandezk3@amazon.co.jp,China,152.212.124.83
725,James,Morris,jmorrisk4@rakuten.co.jp,Israel,164.156.135.141
726,Randy,Johnson,rjohnsonk5@netlog.com,Philippines,211.199.139.73
727,Martin,Kim,mkimk6@bloomberg.com,Peru,246.62.128.7
728,Steve,Wallace,swallacek7@nba.com,Afghanistan,112.179.54.108
729,Albert,Moore,amoorek8@yolasite.com,Tajikistan,91.140.125.240
730,Jacqueline,Scott,jscottk9@imgur.com,Philippines,81.127.48.177
731,David,Martin,dmartinka@myspace.com,Indonesia,53.134.173.230
732,Cheryl,Thompson,cthompsonkb@sakura.ne.jp,Indonesia,189.43.59.66
733,Arthur,Montgomery,amontgomerykc@usatoday.com,Indonesia,96.94.178.211
734,Paul,Elliott,pelliottkd@lulu.com,China,167.21.99.132
735,Andrew,Dunn,adunnke@purevolume.com,China,151.97.77.102
736,Jerry,Bailey,jbaileykf@amazon.co.jp,Greece,155.246.245.146
737,Sarah,Chapman,schapmankg@squidoo.com,Canada,237.211.63.70
738,Johnny,Gomez,jgomezkh@ucoz.com,China,165.134.244.83
739,Aaron,Ortiz,aortizki@slideshare.net,Germany,85.91.252.244
740,Jerry,Griffin,jgriffinkj@webeden.co.uk,Panama,36.102.190.148
741,Karen,Burton,kburtonkk@skype.com,Indonesia,140.147.81.190
742,Fred,Snyder,fsnyderkl@boston.com,Cyprus,62.109.37.66
743,Ryan,Wilson,rwilsonkm@nba.com,France,68.137.226.191
744,Patricia,Lawson,plawsonkn@nationalgeographic.com,Thailand,217.186.157.183
745,Raymond,Gray,rgrayko@irs.gov,Thailand,134.157.205.234
746,Joan,Ford,jfordkp@angelfire.com,New Zealand,206.145.92.180
747,Gary,Welch,gwelchkq@geocities.com,Cameroon,101.184.123.131
748,Martha,Snyder,msnyderkr@yelp.com,Armenia,81.77.176.27
749,Jose,Duncan,jduncanks@yolasite.com,Peru,190.64.62.106
750,Chris,Roberts,crobertskt@bing.com,Greece,4.154.222.114
751,Linda,Griffin,lgriffinku@ask.com,Chile,107.251.14.65
752,Aaron,Richards,arichardskv@weibo.com,Colombia,199.243.166.162
753,Katherine,Ryan,kryankw@cnbc.com,Colombia,73.103.162.155
754,Rachel,Price,rpricekx@icq.com,Vietnam,137.239.2.221
755,Laura,Gonzalez,lgonzalezky@scientificamerican.com,United States,16.25.247.216
756,John,Berry,jberrykz@sciencedaily.com,Serbia,213.18.240.214
757,Catherine,Pierce,cpiercel0@jugem.jp,Argentina,106.87.25.213
758,Jeffrey,Russell,jrusselll1@foxnews.com,Iran,60.230.239.193
759,Todd,Duncan,tduncanl2@google.com.hk,China,90.45.132.9
760,Norma,Perez,nperezl3@tinyurl.com,China,116.34.209.198
761,Ralph,Watson,rwatsonl4@tmall.com,Armenia,215.167.240.45
762,Brandon,Dixon,bdixonl5@posterous.com,Colombia,171.124.141.76
763,Maria,Cox,mcoxl6@auda.org.au,Portugal,15.21.40.185
764,Eric,Burns,eburnsl7@hugedomains.com,Philippines,134.11.93.204
765,Norma,Ramirez,nramirezl8@jugem.jp,Brazil,42.197.99.242
766,John,Black,jblackl9@jalbum.net,Ukraine,151.61.39.2
767,Brenda,Mason,bmasonla@pinterest.com,Cyprus,35.182.123.198
768,Theresa,Austin,taustinlb@usnews.com,Indonesia,83.59.46.248
769,Evelyn,Johnston,ejohnstonlc@umn.edu,China,223.155.11.60
770,Laura,Castillo,lcastillold@spotify.com,Philippines,35.222.147.90
771,Shawn,Fisher,sfisherle@ucoz.ru,Czech Republic,33.166.195.76
772,Juan,Mitchell,jmitchelllf@ft.com,China,36.60.93.254
773,Jonathan,Burke,jburkelg@rakuten.co.jp,Russia,147.26.171.179
774,Catherine,Clark,cclarklh@virginia.edu,Indonesia,153.12.147.115
775,Norma,Hall,nhallli@timesonline.co.uk,Japan,240.225.211.46
776,Randy,Lane,rlanelj@psu.edu,Sweden,1.162.58.51
777,Christina,Hawkins,chawkinslk@weebly.com,China,168.159.167.128
778,Kevin,Gibson,kgibsonll@jalbum.net,China,69.128.201.200
779,Tammy,Frazier,tfrazierlm@instagram.com,Russia,90.72.23.31
780,Debra,Kelley,dkelleyln@chicagotribune.com,Bulgaria,156.67.17.82
781,Douglas,Vasquez,dvasquezlo@meetup.com,China,20.41.214.153
782,Ruth,Wright,rwrightlp@1688.com,China,72.186.250.197
783,Amy,Weaver,aweaverlq@addthis.com,Philippines,114.70.68.19
784,Peter,Wheeler,pwheelerlr@opera.com,Ghana,187.52.73.79
785,Walter,Montgomery,wmontgomeryls@skype.com,Syria,111.77.10.69
786,Clarence,Little,clittlelt@ustream.tv,Indonesia,197.200.240.12
787,Christina,Harper,charperlu@china.com.cn,Indonesia,161.12.2.141
788,Evelyn,Webb,ewebblv@123-reg.co.uk,Canada,61.255.66.24
789,Tina,Fisher,tfisherlw@nytimes.com,Indonesia,195.53.243.248
790,Jack,Roberts,jrobertslx@dot.gov,Brazil,108.57.226.124
791,Paula,Chapman,pchapmanly@google.pl,Japan,220.77.55.139
792,Theresa,Hayes,thayeslz@bravesites.com,France,78.212.250.233
793,Daniel,Parker,dparkerm0@toplist.cz,Cuba,151.145.236.128
794,Roy,Graham,rgrahamm1@tiny.cc,Colombia,235.255.223.58
795,Brian,Burns,bburnsm2@icq.com,Senegal,196.46.149.90
796,Earl,Stephens,estephensm3@ow.ly,China,135.77.103.206
797,Wanda,Allen,wallenm4@psu.edu,Russia,74.156.5.147
798,Douglas,Elliott,delliottm5@shop-pro.jp,Pakistan,200.75.44.49
799,Betty,Black,bblackm6@themeforest.net,Brazil,231.239.106.44
800,Stephen,Watkins,swatkinsm7@artisteer.com,China,233.92.229.115
801,Larry,Walker,lwalkerm8@1688.com,Liberia,153.0.95.46
802,Joyce,Larson,jlarsonm9@dedecms.com,Tanzania,170.34.199.85
803,Jerry,Rodriguez,jrodriguezma@dailymotion.com,Namibia,124.49.42.98
804,Christina,Gilbert,cgilbertmb@reference.com,Philippines,57.232.51.226
805,Albert,Davis,adavismc@ucla.edu,China,88.112.212.191
806,Richard,Holmes,rholmesmd@adobe.com,Finland,206.201.64.154
807,Diana,Chavez,dchavezme@smh.com.au,China,81.132.9.77
808,Gerald,Ray,graymf@123-reg.co.uk,South Korea,56.174.195.106
809,Marie,Martin,mmartinmg@cargocollective.com,Greece,253.211.252.214
810,Peter,Banks,pbanksmh@blogs.com,Indonesia,141.40.129.70
811,Carol,Hansen,chansenmi@wikia.com,Philippines,34.226.19.230
812,Annie,Meyer,ameyermj@businessweek.com,Dominican Republic,251.230.154.31
813,Michael,Cox,mcoxmk@wufoo.com,China,67.169.223.114
814,Albert,Cole,acoleml@loc.gov,Indonesia,221.45.124.217
815,Andrea,Wright,awrightmm@usatoday.com,Thailand,60.185.50.223
816,Jacqueline,Schmidt,jschmidtmn@ted.com,Indonesia,161.72.64.144
817,Joshua,Flores,jfloresmo@sciencedaily.com,Thailand,146.76.105.22
818,Laura,Green,lgreenmp@people.com.cn,Indonesia,200.42.199.137
819,Jessica,Murphy,jmurphymq@list-manage.com,Philippines,186.199.43.13
820,Jonathan,Willis,jwillismr@yellowpages.com,Brazil,61.69.68.216
821,Charles,Howell,chowellms@zdnet.com,Ireland,188.119.37.173
822,Stephanie,Sims,ssimsmt@themeforest.net,China,67.178.81.200
823,Jessica,Perez,jperezmu@yahoo.co.jp,Poland,246.254.238.156
824,Jennifer,Hernandez,jhernandezmv@thetimes.co.uk,Brazil,163.99.56.194
825,Todd,Powell,tpowellmw@canalblog.com,Thailand,158.107.71.2
826,Carolyn,Jacobs,cjacobsmx@msn.com,Indonesia,176.12.127.115
827,Johnny,Sanchez,jsanchezmy@smh.com.au,Sweden,172.232.156.231
828,Robin,West,rwestmz@columbia.edu,Peru,59.181.67.96
829,Janet,Perez,jperezn0@upenn.edu,Philippines,102.57.166.163
830,Theresa,Harrison,tharrisonn1@chronoengine.com,Indonesia,85.195.146.191
831,Barbara,Fox,bfoxn2@tiny.cc,China,49.137.215.166
832,Kenneth,Dunn,kdunnn3@ocn.ne.jp,Czech Republic,202.229.239.86
833,Amanda,Warren,awarrenn4@cyberchimps.com,Vietnam,215.44.28.220
834,Todd,Mills,tmillsn5@nifty.com,Russia,121.3.172.21
835,Chris,Harrison,charrisonn6@parallels.com,Brazil,64.75.234.127
836,Fred,Bradley,fbradleyn7@miitbeian.gov.cn,Kazakhstan,243.235.154.142
837,Heather,Sanders,hsandersn8@ucoz.ru,Russia,125.128.223.8
838,Aaron,Ray,arayn9@state.tx.us,France,63.71.98.204
839,Philip,Dean,pdeanna@github.io,Mexico,235.155.222.146
840,Cheryl,Carr,ccarrnb@nifty.com,Nigeria,84.185.159.98
841,Beverly,Ross,brossnc@etsy.com,China,13.28.28.59
842,Patricia,Henry,phenrynd@constantcontact.com,Indonesia,7.94.185.114
843,Betty,Ward,bwardne@sitemeter.com,Curacao,156.191.177.224
844,Anne,Wallace,awallacenf@skype.com,Czech Republic,220.149.92.82
845,Deborah,Martin,dmartinng@yandex.ru,Brazil,71.240.238.201
846,Martin,Reed,mreednh@gov.uk,Poland,218.150.78.252
847,Judith,Clark,jclarkni@constantcontact.com,Bolivia,179.155.96.83
848,Donald,Gonzalez,dgonzaleznj@bandcamp.com,United States,241.131.150.153
849,Bonnie,Nelson,bnelsonnk@ucsd.edu,Peru,19.55.62.17
850,Lillian,Castillo,lcastillonl@accuweather.com,China,200.18.248.239
851,Howard,Gonzalez,hgonzaleznm@flickr.com,Brazil,243.125.163.152
852,Kathy,Woods,kwoodsnn@artisteer.com,Nigeria,124.28.255.207
853,Gerald,Warren,gwarrenno@ovh.net,Indonesia,228.33.53.86
854,Wayne,Kim,wkimnp@icio.us,Indonesia,218.137.97.68
855,Nicholas,Jenkins,njenkinsnq@sohu.com,France,109.141.139.122
856,Ann,Nelson,anelsonnr@moonfruit.com,China,142.38.179.206
857,Kenneth,Robinson,krobinsonns@cyberchimps.com,Argentina,93.233.152.229
858,Nancy,Barnes,nbarnesnt@twitter.com,Brazil,237.240.37.163
859,Steven,Mendoza,smendozanu@reddit.com,Poland,255.131.15.76
860,Ralph,Crawford,rcrawfordnv@skype.com,Colombia,213.224.219.67
861,Kelly,Peterson,kpetersonnw@youku.com,Denmark,17.237.219.93
862,Diane,Moreno,dmorenonx@quantcast.com,Chile,9.53.208.166
863,Kathryn,Hudson,khudsonny@bandcamp.com,Poland,64.95.216.85
864,Paul,Hernandez,phernandeznz@noaa.gov,Philippines,174.19.13.250
865,Julie,Hunt,jhunto0@narod.ru,Greece,240.153.33.185
866,Andrea,Arnold,aarnoldo1@wix.com,Indonesia,0.176.176.108
867,William,Owens,wowenso2@last.fm,Syria,255.152.81.79
868,Robert,Miller,rmillero3@canalblog.com,Colombia,234.72.141.82
869,Ruby,Watson,rwatsono4@networksolutions.com,Greece,241.91.108.69
870,Adam,Harper,aharpero5@mozilla.com,France,253.7.195.177
871,Randy,Carter,rcartero6@printfriendly.com,Yemen,192.131.191.211
872,Kevin,Garrett,kgarretto7@gizmodo.com,Brazil,135.55.35.212
873,Carolyn,Watson,cwatsono8@wordpress.org,Cameroon,3.101.209.169
874,Kevin,Cole,kcoleo9@pbs.org,Mexico,48.133.162.137
875,Margaret,Wallace,mwallaceoa@soup.io,Indonesia,37.222.52.174
876,Marilyn,Ruiz,mruizob@amazon.de,China,231.10.141.102
877,Michael,Hansen,mhansenoc@g.co,Russia,130.221.5.83
878,Juan,James,jjamesod@github.io,Russia,126.142.251.198
879,Anna,Austin,aaustinoe@chicagotribune.com,Djibouti,130.167.189.135
880,Keith,Hansen,khansenof@theatlantic.com,Portugal,144.79.41.207
881,Lisa,Jones,ljonesog@prnewswire.com,United States,18.65.170.196
882,Eric,Cunningham,ecunninghamoh@oakley.com,France,164.65.129.161
883,Aaron,Stephens,astephensoi@google.it,China,162.91.198.84
884,Ruth,Day,rdayoj@msu.edu,Russia,153.193.101.4
885,Nancy,Spencer,nspencerok@shinystat.com,Jordan,182.203.53.43
886,Mary,Hughes,mhughesol@stumbleupon.com,United States,233.136.44.141
887,Evelyn,Shaw,eshawom@wufoo.com,China,20.194.208.22
888,Kimberly,Thomas,kthomason@newsvine.com,China,229.150.166.108
889,Helen,Mendoza,hmendozaoo@squidoo.com,South Africa,237.94.110.127
890,Sean,West,swestop@joomla.org,Bangladesh,17.90.50.181
891,Emily,Watson,ewatsonoq@walmart.com,Russia,251.22.149.129
892,Patrick,Simpson,psimpsonor@mapquest.com,Poland,147.148.1.33
893,Arthur,Williamson,awilliamsonos@unesco.org,Indonesia,210.214.227.174
894,Sharon,Howard,showardot@jimdo.com,Indonesia,77.202.235.242
895,Keith,Hunt,khuntou@printfriendly.com,Czech Republic,24.34.202.173
896,Cynthia,Cook,ccookov@newyorker.com,Sweden,102.33.31.65
897,Edward,Gutierrez,egutierrezow@zdnet.com,China,80.162.47.181
898,Gary,Richardson,grichardsonox@imageshack.us,Angola,81.163.125.87
899,Martin,Stanley,mstanleyoy@hud.gov,Poland,66.224.71.13
900,Randy,Gray,rgrayoz@ftc.gov,Guatemala,40.160.206.10
901,Sean,Young,syoungp0@digg.com,Sweden,207.242.195.249
902,Michael,Ryan,mryanp1@freewebs.com,Russia,49.167.207.81
903,Sara,Diaz,sdiazp2@jiathis.com,Philippines,14.68.60.70
904,Joyce,Barnes,jbarnesp3@i2i.jp,France,177.133.44.216
905,Kathy,Burns,kburnsp4@wikispaces.com,Czech Republic,242.211.132.216
906,Thomas,Mills,tmillsp5@gravatar.com,Portugal,126.248.172.192
907,Andrea,Tucker,atuckerp6@histats.com,Guatemala,198.104.250.19
908,Samuel,Porter,sporterp7@answers.com,China,114.117.245.218
909,Janet,Garcia,jgarciap8@tmall.com,Honduras,223.209.39.171
910,Andrea,Martin,amartinp9@sina.com.cn,Peru,178.174.181.253
911,Adam,Stone,astonepa@google.pl,Netherlands,85.145.138.201
912,Jason,Ramirez,jramirezpb@eepurl.com,Colombia,218.91.8.105
913,Shirley,Mills,smillspc@shinystat.com,Brazil,80.63.222.231
914,Willie,Holmes,wholmespd@linkedin.com,China,240.31.240.132
915,Ruth,Carpenter,rcarpenterpe@yandex.ru,Portugal,50.77.142.92
916,Albert,Bishop,abishoppf@gizmodo.com,Brazil,86.231.39.113
917,Charles,Roberts,crobertspg@w3.org,China,216.20.187.138
918,Theresa,Riley,trileyph@reuters.com,China,53.112.149.200
919,Julia,Watson,jwatsonpi@nhs.uk,Czech Republic,221.32.113.108
920,Robert,Austin,raustinpj@aboutads.info,Philippines,212.24.78.233
921,Cynthia,Gutierrez,cgutierrezpk@smugmug.com,Indonesia,112.32.203.74
922,Susan,Garza,sgarzapl@utexas.edu,Portugal,185.240.69.225
923,Anna,Reid,areidpm@guardian.co.uk,Czech Republic,134.219.84.77
924,Rachel,Murray,rmurraypn@nbcnews.com,Poland,54.104.134.74
925,Shawn,Day,sdaypo@weather.com,Philippines,162.151.102.33
926,Stephen,Allen,sallenpp@usatoday.com,United States,240.165.235.227
927,Laura,Mccoy,lmccoypq@va.gov,Peru,12.174.189.241
928,Anthony,Rodriguez,arodriguezpr@theglobeandmail.com,Azerbaijan,74.235.8.24
929,Johnny,Nichols,jnicholsps@sohu.com,Greece,76.53.235.33
930,Martin,Chavez,mchavezpt@dailymotion.com,Philippines,253.142.64.106
931,Brandon,Hanson,bhansonpu@fema.gov,Nigeria,10.134.217.156
932,Jose,Mendoza,jmendozapv@wufoo.com,Philippines,55.249.212.19
933,Bobby,Harris,bharrispw@goo.ne.jp,Indonesia,127.202.227.124
934,Steve,Hernandez,shernandezpx@parallels.com,Peru,155.58.82.44
935,Phyllis,Jacobs,pjacobspy@biblegateway.com,Philippines,160.11.14.107
936,Juan,Reyes,jreyespz@eventbrite.com,China,162.83.184.155
937,Timothy,Wood,twoodq0@japanpost.jp,Philippines,149.117.180.81
938,James,Mccoy,jmccoyq1@live.com,China,143.65.12.110
939,Anne,Arnold,aarnoldq2@sakura.ne.jp,China,242.107.147.233
940,Terry,Foster,tfosterq3@loc.gov,Sweden,172.35.184.182
941,Adam,Martin,amartinq4@ft.com,Canada,239.18.155.240
942,Pamela,Wagner,pwagnerq5@webs.com,France,174.10.59.69
943,Anna,Wheeler,awheelerq6@goodreads.com,Japan,28.253.53.39
944,Todd,Snyder,tsnyderq7@xing.com,Argentina,229.24.29.245
945,Louis,Alexander,lalexanderq8@liveinternet.ru,Nigeria,44.157.227.15
946,Elizabeth,Williams,ewilliamsq9@163.com,Greece,100.175.135.221
947,Linda,Taylor,ltaylorqa@diigo.com,Honduras,192.151.216.55
948,Rose,Diaz,rdiazqb@macromedia.com,China,25.195.24.144
949,Brian,Fernandez,bfernandezqc@fema.gov,Russia,235.82.173.214
950,Susan,Mason,smasonqd@bbb.org,South Africa,127.6.193.229
951,Lisa,Ortiz,lortizqe@uol.com.br,China,224.116.171.218
952,Joan,Mills,jmillsqf@msu.edu,Croatia,227.164.98.66
953,Elizabeth,Washington,ewashingtonqg@blinklist.com,China,35.142.162.93
954,James,Jenkins,jjenkinsqh@intel.com,China,154.233.4.206
955,Sara,Bell,sbellqi@ocn.ne.jp,Pakistan,149.135.201.58
956,Pamela,Murphy,pmurphyqj@redcross.org,Mexico,163.234.190.66
957,Jeremy,Daniels,jdanielsqk@netscape.com,China,123.128.248.227
958,Eric,Griffin,egriffinql@opensource.org,Philippines,45.209.233.65
959,Diane,Cook,dcookqm@qq.com,Portugal,184.145.8.99
960,Matthew,Watson,mwatsonqn@washington.edu,Zimbabwe,30.117.229.55
961,Joyce,Gordon,jgordonqo@booking.com,Tajikistan,210.184.192.94
962,Raymond,Montgomery,rmontgomeryqp@reddit.com,Macedonia,79.204.29.238
963,Patrick,Sims,psimsqq@51.la,Brazil,159.79.7.29
964,Cynthia,Berry,cberryqr@unblog.fr,Mongolia,46.252.199.45
965,Philip,Lane,planeqs@ebay.co.uk,Indonesia,151.126.198.70
966,Anne,Schmidt,aschmidtqt@ox.ac.uk,China,181.247.156.224
967,Jack,Robertson,jrobertsonqu@blog.com,Croatia,152.31.114.51
968,Ernest,Cole,ecoleqv@jalbum.net,Russia,99.104.124.87
969,Donald,White,dwhiteqw@istockphoto.com,Nigeria,216.172.195.222
970,Barbara,Simmons,bsimmonsqx@cnn.com,Afghanistan,14.234.198.161
971,Joseph,Bryant,jbryantqy@wikipedia.org,Indonesia,90.33.220.49
972,Andrea,Daniels,adanielsqz@wordpress.com,Sweden,149.177.86.209
973,Kimberly,Ford,kfordr0@theatlantic.com,Russia,3.249.249.230
974,Louise,Hansen,lhansenr1@surveymonkey.com,Palestinian Territory,27.99.115.90
975,Harry,Mitchell,hmitchellr2@over-blog.com,China,196.103.16.42
976,Daniel,Evans,devansr3@prnewswire.com,Portugal,154.112.49.160
977,Andrew,Rivera,ariverar4@mozilla.org,Indonesia,81.52.31.112
978,Michael,Ellis,mellisr5@shutterfly.com,Ecuador,68.229.17.90
979,Bruce,Williams,bwilliamsr6@google.com.au,Indonesia,238.92.17.99
980,Theresa,Gray,tgrayr7@imdb.com,Canada,228.63.155.218
981,Tammy,Nichols,tnicholsr8@nasa.gov,Philippines,220.77.106.66
982,Margaret,Moore,mmoorer9@yahoo.co.jp,Armenia,102.138.122.97
983,Jonathan,George,jgeorgera@guardian.co.uk,Denmark,90.119.241.82
984,Diana,Edwards,dedwardsrb@tamu.edu,China,76.37.73.174
985,Roger,Hill,rhillrc@soundcloud.com,Ireland,32.228.180.54
986,Jane,Mccoy,jmccoyrd@census.gov,China,65.147.96.103
987,George,Alvarez,galvarezre@paypal.com,Sweden,94.170.55.102
988,Ryan,Price,rpricerf@state.gov,China,146.10.203.50
989,Stephanie,Owens,sowensrg@theglobeandmail.com,Portugal,221.16.249.238
990,Brenda,Ferguson,bfergusonrh@4shared.com,Egypt,162.189.100.121
991,Gloria,Nichols,gnicholsri@nsw.gov.au,Palestinian Territory,54.83.215.91
992,Steve,Tucker,stuckerrj@phpbb.com,Gambia,60.95.16.26
993,Evelyn,Burns,eburnsrk@biglobe.ne.jp,Sweden,31.193.251.191
994,Keith,Gordon,kgordonrl@squidoo.com,Poland,34.229.248.76
995,Ashley,Reed,areedrm@printfriendly.com,Portugal,184.87.51.42
996,Annie,Murray,amurrayrn@washington.edu,China,150.183.141.216
997,Theresa,Carpenter,tcarpenterro@biblegateway.com,Indonesia,127.108.192.48
998,Norma,Price,npricerp@histats.com,Czech Republic,139.222.11.227
999,Phyllis,Wood,pwoodrq@shinystat.com,China,7.123.191.129
1000,Todd,Elliott,telliottrr@fastcompany.com,Nigeria,42.150.11.137
